ID,weidu,jingdu,AADT
121-5555,33.66141,-84.35538,142000
121-5035,33.651486,-84.39376,15600
121-5230,33.661815,-84.373161,12400
121-5556,33.6497,-84.369,139000
121-5998,33.651638,-84.366823,22200
121-6312,33.65221,-84.379278,3640
121-6314,33.663581,-84.37585,3780
121-6316,33.666601,-84.355405,1460
121-6318,33.668015,-84.365472,2400
121-7256,33.649761,-84.357023,3220
121-8585,33.65756,-84.357477,60
121-8603,33.654518,-84.382437,50
121-r002,33.652143,-84.395908,7340
121-r137,33.650416,-84.367947,8040
121-r138,33.652721,-84.366057,7770
121-r737,33.653917,-84.366117,7740
121-r738,33.652309,-84.367986,6860
121-5223,33.69664,-84.349632,28700
121-5224,33.708591,-84.359023,7470
121-6194,33.6865,-84.360231,2890
121-6196,33.693161,-84.35929,6260
121-8437,33.698667,-84.361273,100
121-5468,33.70881,-84.40227,297000
121-5228,33.708382,-84.374522,6010
121-5420,33.698121,-84.399685,10500
121-5421,33.698154,-84.397095,17400
121-5422,33.699456,-84.391946,14800
121-5583,33.702647,-84.401914,5580
121-6182,33.705171,-84.388962,4330
121-8411,33.706065,-84.396589,300
121-8904,33.703917,-84.398892,5550
121-r010,33.698145,-84.40426,12600
121-r012,33.70039,-84.403591,24300
121-5419,33.69747,-84.42271,57100
121-5043,33.713769,-84.40792,16100
121-5419,33.69747,-84.42271,57100
121-5691,33.697539,-84.418325,14500
121-5693,33.71238,-84.418153,5250
121-6168,33.70898,-84.422577,1750
121-6174,33.69727,-84.413867,2030
121-8407,33.69962,-84.406086,30
121-8857,33.704148,-84.411722,1550
121-5229,33.74114,-84.34923,31500
121-0473,33.770146,-84.359298,19200
121-0479,33.768876,-84.353014,13200
121-5088,33.756668,-84.358521,1670
121-5953,33.771096,-84.359869,15000
121-6222,33.759268,-84.360553,6120
121-5068,33.794217,-84.502921,29300
121-5069,33.788225,-84.494855,29100
121-5270,33.780522,-84.509931,14800
121-5272,33.794797,-84.491637,9710
121-5566,33.76927,-84.515061,13400
121-5729,33.773399,-84.500168,3550
121-5730,33.789549,-84.493519,1190
121-6134,33.767979,-84.497066,3740
121-6262,33.772699,-84.507437,2160
121-6320,33.771407,-84.514231,2130
121-8511,33.793379,-84.489972,510
121-r115,33.766451,-84.495653,16600
121-r713,33.766502,-84.496022,20400
121-r717,33.789096,-84.491545,10000
121-r718,33.786473,-84.49413,11200
121-r720,33.799682,-84.488937,4980
121-r804,33.766418,-84.498398,39200
121-5562,33.754332,-84.483076,18600
121-6146,33.749951,-84.466698,1030
121-8369,33.746386,-84.461249,90
121-5218,33.732933,-84.413256,9950
121-5388,33.738504,-84.425828,15200
121-5390,33.738218,-84.415953,13900
121-5501,33.7435,-84.4243,162000
121-5503,33.7414,-84.4155,164000
121-5680,33.73398,-84.417725,3150
121-5682,33.740213,-84.417721,14900
121-5755,33.744298,-84.432322,11000
121-7245,33.73898,-84.423357,2770
121-8441,33.740712,-84.41899,1650
121-r214,33.744935,-84.42732,5300
121-r215,33.741282,-84.419172,6250
121-r216,33.741238,-84.416394,7430
121-r218,33.741148,-84.413031,9090
121-5380,33.719881,-84.486831,11900
121-5538,33.7064,-84.4975,132000
121-5704,33.691727,-84.491761,17100
121-5706,33.699095,-84.481983,8860
121-5707,33.703814,-84.466671,8420
121-6274,33.698285,-84.496961,3270
121-6276,33.703667,-84.487592,4200
121-6284,33.71078,-84.474622,1030
121-6302,33.694291,-84.492274,3900
121-8401,33.710479,-84.470078,1070
121-8545,33.695833,-84.497457,430
121-r107,33.691003,-84.499786,2820
121-r108,33.693327,-84.499839,12300
121-5416,33.698247,-84.468058,63900
121-5417,33.698877,-84.452353,22600
121-5698,33.70327,-84.457341,12600
121-8856,33.699763,-84.45119,5370
121-5415,33.69009,-84.493604,38000
121-5536,33.6735,-84.4985,125000
121-5697,33.69007,-84.489071,24900
121-6292,33.684209,-84.498703,6070
121-6300,33.679801,-84.49383,6290
121-6344,33.678061,-84.493329,2110
121-7250,33.670228,-84.495572,3700
121-8876,33.696713,-84.482951,1670
121-r105,33.687171,-84.499684,10200
121-r106,33.689357,-84.499766,4020
121-0139,33.714434,-84.380995,4700
121-0143,33.721734,-84.383857,5670
121-5226,33.716154,-84.377132,8590
121-5236,33.713725,-84.382795,7660
121-5238,33.720516,-84.386727,12700
121-6178,33.718,-84.3936,13300
121-6190,33.721962,-84.37349,1390
121-8425,33.713445,-84.383792,140
121-8429,33.715671,-84.379713,480
121-8431,33.714163,-84.372363,200
121-9412,33.68659,-84.4008,48600
121-9511,33.6858,-84.40277,69900
121-5041,33.69194,-84.408165,12800
121-5526,33.6829,-84.4106,138000
121-5527,33.6863,-84.4011,99400
121-5572,33.681173,-84.401919,21900
121-5574,33.681287,-84.40871,20700
121-5575,33.681346,-84.415245,24200
121-6176,33.695421,-84.411814,5800
121-r168,33.681741,-84.411,4600
121-r169,33.684674,-84.404516,1700
121-r604,33.689988,-84.401997,12100
121-r605,33.68869,-84.400441,3330
121-r767,33.682769,-84.411159,3660
121-r771,33.684922,-84.405937,2210
121-r774,33.689357,-84.401359,20100
121-0399,33.747483,-84.349844,13200
121-0403,33.739941,-84.354093,5600
121-0405,33.74162,-84.358198,7350
121-0407,33.745887,-84.358278,6660
121-5398,33.746552,-84.354938,10800
121-5511,33.7444,-84.3537,194000
121-8475,33.750231,-84.364759,410
121-r237,33.744897,-84.351256,8430
121-5227,33.732419,-84.349318,29800
121-5588,33.723131,-84.368464,7900
121-6192,33.717042,-84.35844,6560
121-6226,33.736491,-84.35869,1290
121-6228,33.733677,-84.36007,1860
121-6230,33.727331,-84.362337,6010
121-7249,33.733952,-84.35127,1270
121-8435,33.715867,-84.36734,390
121-0236,33.754219,-84.453809,730
121-5499,33.7517,-84.4583,150000
121-5560,33.750375,-84.457252,12400
121-5677,33.764061,-84.459831,3990
121-6144,33.75936,-84.450493,1650
121-8367,33.761147,-84.454695,230
121-r211,33.751327,-84.448469,5150
121-r807,33.756437,-84.467773,3630
121-r812,33.751743,-84.448152,5450
121-5542,33.774666,-84.496051,156000
121-5441,33.760977,-84.469639,17100
121-6136,33.763849,-84.477529,3920
121-6260,33.777807,-84.494976,2260
121-8515,33.766155,-84.47858,100
121-8517,33.776124,-84.479077,480
121-8521,33.779634,-84.494583,170
121-r117,33.784148,-84.494796,11600
121-r440,33.763214,-84.48976,13600
121-r803,33.761866,-84.487645,14100
121-r808,33.758438,-84.471529,5230
121-r809,33.758107,-84.470269,2790
121-0147,33.736754,-84.381169,3250
121-5240,33.725724,-84.391582,2760
121-5469,33.7301,-84.3924,312000
121-5582,33.73684,-84.39151,9050
121-5602,33.727229,-84.388012,7130
121-5603,33.74047,-84.387806,11800
121-5610,33.721225,-84.391942,13600
121-6186,33.72473,-84.378588,2100
121-6232,33.730384,-84.38549,1240
121-6236,33.7416,-84.3863,120
121-6242,33.731605,-84.382521,1100
121-7259,33.74225,-84.381537,670
121-8423,33.73358,-84.389421,770
121-8485,33.734204,-84.390335,880
121-r015,33.730315,-84.392081,2720
121-r017,33.734487,-84.391641,11600
121-r019,33.741017,-84.391378,26700
121-r020,33.742628,-84.391057,6270
121-r021,33.742215,-84.391641,650
121-r226,33.743321,-84.386458,38500
121-r228,33.743113,-84.383621,7060
121-5679,33.763433,-84.40839,5430
121-6208,33.7602,-84.412651,2050
121-5108,33.81137,-84.39213,44100
121-5486,33.8027,-84.40639,221000
121-9420,33.79762,-84.3941,23800
121-5018,33.79489,-84.407851,31100
121-5106,33.802472,-84.392896,42500
121-5485,33.7994,-84.3964,251700
121-5675,33.789112,-84.411919,20400
121-6084,33.792598,-84.40379,4230
121-6086,33.79617,-84.399499,9670
121-7240,33.79525,-84.399809,4130
121-8289,33.802013,-84.396059,3370
121-r047,33.802478,-84.405634,8790
121-r648,33.803774,-84.411065,23800
121-r649,33.803583,-84.409818,520
121-r782,33.804983,-84.38341,22500
121-5384,33.724436,-84.448417,9700
121-5709,33.714902,-84.433028,8810
121-6158,33.722508,-84.44103,1920
121-6160,33.723112,-84.427411,2390
121-8387,33.719935,-84.436463,540
121-5505,33.74291,-84.40256,168000
121-5242,33.730847,-84.393012,8520
121-5243,33.73529,-84.394618,2210
121-5244,33.742039,-84.394515,2740
121-5470,33.7413,-84.392,288000
121-5504,33.741,-84.409,182000
121-5506,33.745078,-84.397571,157000
121-5579,33.738216,-84.410768,11500
121-5581,33.736992,-84.400581,10600
121-6238,33.741972,-84.39766,9150
121-6244,33.73785,-84.401634,7210
121-8459,33.742251,-84.396969,240
121-8491,33.73629,-84.400849,260
121-8895,33.737743,-84.39265,1320
121-r221,33.741959,-84.404616,7240
121-r223,33.743746,-84.400819,9020
121-r224,33.745095,-84.396176,7410
121-r225,33.744855,-84.397331,39800
121-r616,33.734491,-84.392438,3560
121-r618,33.737311,-84.392386,13800
121-r619,33.743991,-84.391605,5420
121-r620,33.741546,-84.392184,28300
121-r822,33.742191,-84.405273,7020
121-r828,33.745629,-84.394617,34400
121-5508,33.74314,-84.37869,202000
121-0145,33.743861,-84.373371,4790
121-0153,33.741044,-84.368572,2010
121-0401,33.740889,-84.362974,2970
121-0510,33.743243,-84.36648,197000
121-5394,33.746927,-84.386591,14700
121-5396,33.746766,-84.372008,12900
121-5507,33.7439,-84.3872,92500
121-5509,33.7433,-84.3732,215000
121-5589,33.7374,-84.368192,18500
121-5590,33.74512,-84.368122,23300
121-5592,33.748562,-84.368916,21500
121-5604,33.745821,-84.387732,19300
121-6234,33.730235,-84.373081,3350
121-6240,33.741213,-84.37866,760
121-6328,33.742122,-84.379246,4030
121-7248,33.741861,-84.369767,900
121-7260,33.743003,-84.371649,1160
121-8481,33.729312,-84.373141,160
121-r232,33.743173,-84.377851,6860
121-r233,33.743096,-84.369901,9340
121-r235,33.743065,-84.364226,11000
121-r236,33.743083,-84.36098,6180
121-r823,33.743661,-84.37797,6350
121-r827,33.743733,-84.385763,41800
121-5463,33.67633,-84.39741,169000
121-0141,33.67545,-84.393447,3020
121-5465,33.6809,-84.3984,175000
121-6306,33.67505,-84.399379,3890
121-8405,33.677332,-84.415601,1620
121-8567,33.674813,-84.411726,160
121-r003,33.679111,-84.397834,6060
121-r167,33.679576,-84.411859,5520
121-r611,33.679662,-84.398647,11500
121-r768,33.679752,-84.412309,5140
121-5214,33.723158,-84.422146,22100
121-5216,33.727872,-84.416999,21100
121-5386,33.737452,-84.435604,16500
121-6162,33.729401,-84.420958,3510
121-6164,33.735769,-84.431394,5530
121-6198,33.734112,-84.42463,2220
121-8389,33.732014,-84.429987,270
121-8393,33.723667,-84.423051,90
121-5498,33.75879,-84.477,149000
121-5440,33.753359,-84.46744,13800
121-5540,33.756,-84.4944,132000
121-5541,33.7633,-84.4927,119000
121-6264,33.758711,-84.482913,3680
121-8523,33.7592,-84.5007,910
121-r113,33.759427,-84.49277,13200
121-r204,33.760794,-84.487689,26400
121-r207,33.757682,-84.471192,4520
121-r208,33.757039,-84.469628,4650
121-r438,33.763578,-84.491574,20100
121-r538,33.76523,-84.495077,17200
121-r711,33.755294,-84.495364,7580
121-r715,33.763597,-84.493377,14200
121-r716,33.759999,-84.493263,9730
121-5231,33.746129,-84.349206,43200
121-5233,33.751664,-84.349197,39200
121-5235,33.75927,-84.349176,40600
121-5676,33.803765,-84.413979,36700
121-6070,33.814113,-84.426874,8340
121-6072,33.8214,-84.429265,4630
121-6076,33.811345,-84.43147,9860
121-8285,33.802346,-84.417227,220
121-8838,33.808698,-84.431822,1130
121-r651,33.806359,-84.415569,15300
121-0131,33.806714,-84.434504,12700
121-5062,33.794468,-84.431737,15700
121-5063,33.814872,-84.441603,24900
121-5276,33.81521,-84.466801,16100
121-5445,33.81632,-84.478939,16100
121-6080,33.79783,-84.427024,8940
121-6082,33.788612,-84.417488,9090
121-8277,33.814761,-84.456205,220
121-8279,33.806362,-84.449725,30
121-8283,33.787774,-84.415801,10
121-8349,33.810984,-84.469638,110
121-8609,33.787788,-84.423836,530
121-8842,33.80541,-84.446237,3210
121-8843,33.816685,-84.459866,4310
121-R666,33.825987,-84.360666,43700
121-5427,33.816956,-84.366816,41300
121-5428,33.820637,-84.36375,15300
121-5429,33.832732,-84.368028,40700
121-5430,33.821051,-84.368761,6570
121-5990,33.821171,-84.366302,8080
121-8315,33.817708,-84.384929,5520
121-8319,33.841734,-84.362952,210
121-r664,33.8242,-84.3601,10700
121-R666,33.825987,-84.360666,43700
121-r667,33.829067,-84.360679,13200
121-5110,33.82587,-84.38729,36700
121-5423,33.822361,-84.377094,13300
121-5650,33.844124,-84.393423,18200
121-6090,33.83855,-84.374329,9570
121-7257,33.837017,-84.374438,13900
121-8309,33.838648,-84.39173,630
121-0241,33.753884,-84.40374,2520
121-5047,33.743456,-84.408235,13100
121-5220,33.743057,-84.408846,5030
121-5221,33.743842,-84.40913,9770
121-6140,33.7547,-84.406881,9040
121-6150,33.745054,-84.414136,5730
121-6212,33.749324,-84.413428,4310
121-6214,33.749094,-84.405999,4280
121-8467,33.75187,-84.411315,1160
121-r815,33.741677,-84.415957,7320
121-r817,33.741647,-84.412794,9350
121-0456,33.87719,-84.36443,166000
121-5114,33.86529,-84.38077,28600
121-0351,33.864628,-84.371573,11300
121-0456,33.87719,-84.36443,166000
121-5354,33.857018,-84.349308,35700
121-5640,33.86939,-84.358545,11700
121-6248,33.87303,-84.365678,3120
121-6250,33.87783,-84.381754,8810
121-8497,33.876752,-84.354658,1110
121-8499,33.866236,-84.376732,1520
121-8868,33.8679,-84.362882,550
121-8869,33.868904,-84.368033,630
121-r070,33.854275,-84.369445,20500
121-r669,33.854384,-84.370166,21000
121-R066,33.825811,-84.359331,45000
121-0449,33.8241,-84.3593,99000
121-0454,33.8418,-84.3605,148000
121-5163,33.82498,-84.352496,43500
121-5533,33.82573,-84.349389,24500
121-5587,33.824774,-84.358117,44700
121-5639,33.849032,-84.354319,19700
121-6324,33.847233,-84.355367,6360
121-7241,33.851273,-84.352793,320
121-8321,33.845679,-84.354606,60
121-r064,33.8241,-84.3583,9730
121-R066,33.825811,-84.359331,45000
121-r068,33.828382,-84.36003,16500
121-r783,33.822656,-84.35815,1010
121-r785,33.823523,-84.355033,13800
121-r787,33.824568,-84.350945,12300
121-0135,33.714138,-84.45373,4220
121-5212,33.706338,-84.428019,15600
121-5708,33.709397,-84.4499,9410
121-6156,33.718338,-84.447324,1350
121-8381,33.714393,-84.451993,430
121-8383,33.721107,-84.442657,50
121-5969,33.80709,-84.37974,246000
121-5101,33.789461,-84.387787,25300
121-5102,33.792967,-84.389156,19500
121-5104,33.796971,-84.388369,32500
121-5158,33.792118,-84.373828,23400
121-5484,33.7951,-84.3916,172600
121-5528,33.800291,-84.389051,34900
121-5626,33.791269,-84.385603,24000
121-5638,33.786487,-84.380797,17800
121-5967,33.7932,-84.392,200000
121-6102,33.79674,-84.38167,6420
121-6114,33.781786,-84.37822,14700
121-7242,33.797175,-84.377026,5720
121-8327,33.802782,-84.381344,280
121-8331,33.794783,-84.388815,460
121-r042,33.79257,-84.390602,17000
121-r181,33.808065,-84.378327,21700
121-r642,33.793286,-84.391416,6250
121-5016,33.7837,-84.4075,28400
121-5633,33.7862,-84.40443,15100
121-9178,33.79648,-84.39422,27400
121-9645,33.79683,-84.39516,35500
121-0262,33.791113,-84.393487,30000
121-5636,33.781517,-84.40093,14000
121-r643,33.793137,-84.39355,6710
121-r777,33.795172,-84.393735,20300
121-5100,33.78315,-84.38921,16200
121-5103,33.78407,-84.387828,15700
121-5154,33.779888,-84.382618,16100
121-5156,33.779614,-84.381064,11200
121-5483,33.7864,-84.3908,373200
121-5625,33.783873,-84.383405,19400
121-5635,33.78666,-84.38561,17300
121-5086,33.773334,-84.364752,38100
121-5007,33.757783,-84.391534,12700
121-5009,33.764453,-84.391361,7320
121-5092,33.75449,-84.38988,11200
121-5109,33.761321,-84.389037,10300
121-5613,33.762819,-84.396962,14300
121-5628,33.76154,-84.387552,17300
121-6216,33.760985,-84.38851,4900
121-7265,33.76279,-84.390545,7950
121-5012,33.7713,-84.393153,18600
121-5056,33.774673,-84.408089,27900
121-5611,33.773331,-84.403856,15000
121-5631,33.765139,-84.396131,5500
121-6202,33.774381,-84.403674,6990
121-7246,33.76706,-84.391896,3080
121-8343,33.781244,-84.397718,1650
121-8860,33.776899,-84.402439,7310
121-8861,33.77335,-84.405239,300
121-r036,33.766844,-84.390078,3240
121-r634,33.765859,-84.390033,11500
121-r635,33.768323,-84.390595,11400
121-r637,33.766555,-84.390226,1620
121-r639,33.773593,-84.390567,14600
121-r640,33.780534,-84.391451,18700
121-5014,33.770166,-84.401872,14100
121-5052,33.767189,-84.404849,28700
121-5054,33.771042,-84.405686,28300
121-5058,33.780024,-84.413813,19000
121-5078,33.773133,-84.409982,19800
121-8447,33.77187,-84.413464,710
121-8463,33.765531,-84.408845,200
121-5061,33.785092,-84.421189,14500
121-5687,33.76845,-84.417414,10900
121-5688,33.77678,-84.417344,7090
121-6124,33.78627,-84.432472,13100
121-7244,33.765032,-84.43105,1860
121-8847,33.773856,-84.426125,10600
121-0133,33.784515,-84.44943,2360
121-5076,33.771277,-84.434701,20000
121-6120,33.803763,-84.459418,4820
121-6122,33.793539,-84.447079,5530
121-8851,33.774175,-84.437927,250
121-8852,33.775893,-84.440359,110
121-6166,33.72787,-84.416431,4050
121-8395,33.718281,-84.410273,5540
121-8399,33.716081,-84.415079,200
121-8487,33.7293,-84.4123,410
121-5462,33.6533,-84.3957,167000
121-5571,33.680647,-84.38107,10300
121-6184,33.674103,-84.383697,3170
121-6308,33.6729,-84.39554,2600
121-6310,33.65881,-84.387772,2800
121-7255,33.678637,-84.390727,280
121-8573,33.667551,-84.380698,1470
121-8880,33.668511,-84.389292,1550
121-r601,33.654158,-84.395843,13200
121-5500,33.7468,-84.4354,151000
121-5558,33.745435,-84.439894,13100
121-8375,33.734902,-84.44898,240
121-r212,33.749282,-84.442562,6160
121-5678,33.763562,-84.43596,4710
121-5685,33.759299,-84.417514,13800
121-6128,33.762342,-84.441146,9190
121-6138,33.761619,-84.433452,4480
121-6200,33.759768,-84.418734,1840
121-8361,33.756775,-84.438485,610
121-8363,33.761216,-84.440127,160
121-5684,33.748405,-84.417537,18000
121-6148,33.747427,-84.435831,2940
121-8443,33.74952,-84.424332,1350
121-r811,33.749836,-84.442884,5150
121-r813,33.745703,-84.427898,5400
121-r816,33.741895,-84.419849,6140
121-5072,33.781707,-84.484397,15500
121-5274,33.805272,-84.482523,14000
121-5444,33.793806,-84.474157,6250
121-5543,33.7926,-84.4883,151000
121-5545,33.8045,-84.4919,137000
121-6126,33.801725,-84.477204,2350
121-6256,33.792678,-84.481123,1420
121-6258,33.79192,-84.468082,2840
121-6322,33.785403,-84.472906,1370
121-8509,33.799291,-84.481069,430
121-r118,33.787318,-84.491903,7540
121-r119,33.798182,-84.487494,4920
121-6132,33.768049,-84.44162,1400
121-8355,33.772604,-84.45082,560
121-8357,33.764584,-84.454901,140
121-5074,33.777122,-84.461601,20800
121-5443,33.769827,-84.4726,11700
121-6130,33.770262,-84.459669,2230
121-0989,33.82873,-84.420263,6630
121-5034,33.86399,-84.446337,24300
121-5067,33.823528,-84.457459,23400
121-5491,33.8399,-84.4298,209000
121-5669,33.820849,-84.452479,12100
121-5671,33.826976,-84.440016,13700
121-5673,33.837187,-84.420714,10600
121-6064,33.839038,-84.446974,750
121-6066,33.845564,-84.439754,2940
121-6068,33.839986,-84.448882,3370
121-6092,33.841867,-84.427683,5950
121-6304,33.855838,-84.441114,10200
121-r053,33.832335,-84.426458,3910
121-r054,33.8335,-84.427701,3450
121-r055,33.845149,-84.429574,7640
121-r056,33.846727,-84.430156,5170
121-r653,33.833733,-84.427125,3620
121-r654,33.831346,-84.427323,5080
121-r655,33.850586,-84.431328,8240
121-r656,33.847631,-84.431022,5670
121-r657,33.866262,-84.441178,5110
121-r658,33.862205,-84.437556,6020
121-0994,33.850417,-84.372512,53300
121-0995,33.852259,-84.364352,22000
121-5112,33.84592,-84.381204,23400
121-5350,33.841265,-84.375292,41200
121-5352,33.846679,-84.368235,47500
121-5353,33.852877,-84.360379,42500
121-5431,33.851558,-84.37972,31800
121-r069,33.849595,-84.3684,19600
121-r670,33.849879,-84.369291,17800
121-5160,33.802603,-84.367245,22400
121-5162,33.810629,-84.358595,18600
121-6096,33.806786,-84.3507,8480
121-6100,33.801591,-84.372954,7280
121-6108,33.797449,-84.353255,8000
121-6110,33.790438,-84.355557,13200
121-7243,33.799475,-84.364042,7410
121-8337,33.799293,-84.352666,460
121-8339,33.787604,-84.35933,2780
121-5164,33.819201,-84.35138,33600
121-5425,33.820507,-84.35762,16200
121-5426,33.809898,-84.366034,20900
121-5530,33.811749,-84.369276,36300
121-5600,33.807119,-84.375444,16300
121-5970,33.8114,-84.3713,229000
121-5971,33.8218,-84.3591,159000
121-5972,33.823983,-84.351003,207000
121-8325,33.816436,-84.354176,460
121-r184,33.821014,-84.360224,910
121-r186,33.821782,-84.357977,23700
121-r188,33.823747,-84.351068,11500
121-5045,33.730217,-84.408037,15900
121-5609,33.722145,-84.40301,14200
121-r013,33.720649,-84.395351,6300
121-r014,33.723504,-84.393569,9750
121-r613,33.723445,-84.394527,10900
121-r614,33.721171,-84.395968,6200
121-0238,33.764208,-84.398976,14200
121-5001,33.744558,-84.401936,10000
121-5003,33.747369,-84.397935,22100
121-5004,33.752059,-84.395924,17800
121-5006,33.747171,-84.398153,460
121-5049,33.75542,-84.402797,30300
121-5222,33.748448,-84.400622,5710
121-6142,33.754516,-84.397479,11100
121-6246,33.751471,-84.399763,3380
121-7258,33.7533,-84.3998,1970
121-7261,33.7562,-84.4011,600
121-8449,33.764683,-84.400602,1130
121-8865,33.751775,-84.396248,12700
121-8907,33.753836,-84.396505,160
121-r824,33.744702,-84.400059,3600
121-5237,33.77353,-84.348965,24900
121-5080,33.771305,-84.386961,28900
121-5081,33.771928,-84.383356,16500
121-5082,33.771287,-84.38319,22700
121-5098,33.77648,-84.388798,17800
121-5105,33.77672,-84.387304,18900
121-5481,33.7733,-84.39,353700
121-5482,33.775945,-84.390382,404000
121-5623,33.778801,-84.38428,21200
121-6118,33.7758,-84.3902,2460
121-r039,33.77937,-84.390667,14000
121-5107,33.767842,-84.387661,8150
121-5476,33.761,-84.38,324200
121-5477,33.764138,-84.383836,352900
121-5478,33.7665,-84.3871,358600
121-5480,33.7687,-84.3897,339900
121-5621,33.76647,-84.385428,12300
121-5630,33.765419,-84.384081,11700
121-r027,33.761791,-84.380811,30700
121-r033,33.766241,-84.386192,6020
121-r035,33.76844,-84.389304,8350
121-r038,33.770737,-84.389978,29800
121-r629,33.760074,-84.380248,5840
121-r631,33.76259,-84.382813,9680
121-r633,33.764757,-84.384961,10800
121-5084,33.772466,-84.376833,29100
121-5573,33.7681,-84.367743,10200
121-5596,33.76596,-84.371928,18200
121-5597,33.773087,-84.37114,16600
121-5608,33.766071,-84.382041,10300
121-5951,33.771226,-84.377112,16600
121-6106,33.77201,-84.372784,3860
121-6112,33.761328,-84.368321,8290
121-6204,33.771921,-84.377724,4360
121-0471,33.762929,-84.363264,26300
121-5090,33.754347,-84.375047,10800
121-5475,33.760193,-84.375647,48000
121-5580,33.75794,-84.367915,7550
121-5594,33.75579,-84.372132,17800
121-5616,33.752048,-84.369242,13100
121-6104,33.75668,-84.374342,6400
121-6210,33.764073,-84.377273,8030
121-6220,33.757736,-84.377921,8040
121-6224,33.755482,-84.37331,2320
121-8479,33.75247,-84.370501,280
121-8751,33.75429,-84.366514,350
121-r025,33.752601,-84.378788,7210
121-0087,33.773826,-84.35507,36700
121-5598,33.786851,-84.367245,25000
121-6111,33.776306,-84.352502,12200
121-6206,33.781929,-84.36086,8770
121-8453,33.780938,-84.359449,460
121-8455,33.776311,-84.350361,320
121-8846,33.786227,-84.370748,290
121-0245,33.751969,-84.388966,8750
121-5005,33.755391,-84.393673,7940
121-5605,33.750166,-84.386679,7840
121-5614,33.755639,-84.391356,16500
121-6117,33.753526,-84.390539,11700
121-6139,33.753184,-84.394119,4740
121-r024,33.749252,-84.382793,11300
121-6370,33.8743,-84.44614,190000
121-0127,33.866857,-84.437162,11300
121-5029,33.844193,-84.424936,15700
121-5032,33.856852,-84.432074,21600
121-5492,33.8561,-84.4322,198000
121-5494,33.8651,-84.4395,189000
121-5648,33.850892,-84.419879,19800
121-5649,33.846788,-84.406352,17900
121-5652,33.863381,-84.404768,10400
121-6020,33.864282,-84.391439,5810
121-6026,33.878582,-84.424818,1690
121-6094,33.847007,-84.39368,10300
121-6254,33.858876,-84.392091,540
121-7227,33.877046,-84.387754,9830
121-8303,33.86272,-84.425953,990
121-8307,33.851247,-84.39066,2020
121-8503,33.868429,-84.41932,200
121-8505,33.863522,-84.432328,1270
121-8591,33.877458,-84.41608,100
121-8633,33.8762,-84.4091,150
121-r057,33.864291,-84.438604,4350
121-r058,33.866053,-84.440047,6970
121-5021,33.80719,-84.407794,24100
121-5023,33.81977,-84.407621,12700
121-5025,33.83308,-84.407435,10300
121-5027,33.840116,-84.41353,13000
121-5489,33.8041,-84.4105,227000
121-5490,33.8175,-84.422,217000
121-5651,33.84305,-84.407325,3660
121-5672,33.808113,-84.412724,21100
121-5674,33.842572,-84.411844,10200
121-6074,33.825187,-84.415633,3850
121-6078,33.809455,-84.4102,9420
121-6088,33.836155,-84.41964,5400
121-8295,33.80576,-84.406894,380
121-8297,33.806995,-84.409617,790
121-8301,33.837489,-84.41576,350
121-8313,33.823048,-84.39824,510
121-r048,33.803025,-84.40676,8080
121-r050,33.803462,-84.409245,1010
121-r051,33.805028,-84.41209,16100
121-r052,33.806507,-84.414925,7640
121-5474,33.75873,-84.37843,308000
121-5094,33.7556,-84.3833,3930
121-5471,33.7558,-84.3782,341000
121-5473,33.7506,-84.3811,364000
121-5606,33.754889,-84.382264,10700
121-5629,33.7544,-84.384359,11800
121-8473,33.751469,-84.38127,3530
121-8864,33.754127,-84.388809,2740
121-r028,33.758684,-84.378335,9470
121-r029,33.758501,-84.378744,1670
121-r030,33.757436,-84.37809,17500
121-r623,33.75009,-84.382394,5990
121-r626,33.75312,-84.37939,10100
121-r628,33.75579,-84.378819,13100
121-r630,33.758375,-84.380511,7510
121-r632,33.758455,-84.378803,2180
121-0243,33.7517,-84.3944,3440
121-5246,33.747652,-84.393919,4410
121-5362,33.746956,-84.396097,10900
121-5364,33.746932,-84.39158,12000
121-5392,33.748901,-84.392179,6390
121-5472,33.7469,-84.3873,244000
121-5601,33.748224,-84.387698,13700
121-5627,33.747161,-84.390722,15200
121-6116,33.750278,-84.393553,7710
121-r022,33.747414,-84.386209,48900
121-r621,33.747977,-84.386598,20500
121-r622,33.745964,-84.39425,890
121-r826,33.745486,-84.397142,4820
121-5232,33.680697,-84.366986,7460
121-5234,33.698425,-84.371244,8480
121-5466,33.6927,-84.4029,258000
121-6098,33.689106,-84.398259,7230
121-6180,33.689659,-84.390713,3910
121-6188,33.695809,-84.373811,2280
121-8413,33.697039,-84.393426,40
121-8417,33.69965,-84.373779,360
121-8419,33.692845,-84.371224,240
121-8894,33.696992,-84.404062,15000
121-r005,33.68592,-84.39851,15800
121-5410,33.695216,-84.523952,21100
121-5413,33.690255,-84.509369,30100
121-5740,33.687601,-84.528526,3350
121-6282,33.68351,-84.506342,6660
121-6294,33.678612,-84.506439,970
121-6296,33.687469,-84.533771,2940
121-8551,33.690155,-84.53139,350
121-8557,33.680407,-84.525842,2660
121-8829,33.680429,-84.526799,2330
121-r706,33.686758,-84.500388,15000
121-r707,33.689047,-84.501005,9950
121-5716,33.654584,-84.509503,51700
121-5723,33.663009,-84.5225,2300
121-5724,33.676373,-84.517993,1880
121-7251,33.673304,-84.499204,2720
121-5496,33.7653,-84.5125,172000
121-5564,33.757112,-84.501794,22200
121-5726,33.734615,-84.510558,11400
121-5727,33.750299,-84.507457,8220
121-6270,33.746518,-84.515184,2820
121-8061,33.754725,-84.520021,2390
121-r712,33.752872,-84.496214,7410
121-5409,33.697746,-84.544773,13700
121-5412,33.690769,-84.512816,24300
121-5414,33.690336,-84.502947,31300
121-5725,33.707408,-84.50702,12300
121-6036,33.709643,-84.535676,1940
121-6280,33.694204,-84.506219,3310
121-8067,33.714174,-84.539963,100
121-8131,33.712552,-84.536711,170
121-8539,33.702619,-84.511025,750
121-8541,33.701,-84.5196,120
121-r705,33.691357,-84.50139,4440
121-r710,33.722101,-84.503168,8400
